Benchmark,deepseek-ai/DeepSeek-R1-Distill-Llama-70B,mistralai/Mistral-Large-Instruct-2411,meta-llama/Llama-3.3-70B-Instruct,google/gemma-2-27b-it
BBH,0.56344556,0.6744790800000001,0.69191592,0.6450231999999998
GPQA,0.26885725,0.43012174999999997,0.32310099999999997,0.37781750000000003
IFEval,0.43814025,0.85711875,0.90509125,0.8082714999999999
MATH,0.29605587499999997,0.474843625,0.465823125,0.218089125
MMLU-Pro,0.474817,0.556184,0.533162,0.445146
MuSR,0.43379899999999993,0.45359525,0.44570475,0.40300549999999996
